sys_id,type,status,ci_id,opened_at,closed_at,priority,short_description
TCK-0001,change,closed,CI-0009,2026-02-15T06:18:23,2026-02-16T17:20:28.895170,P1,Config rollout for dataverse-instance-police-009
TCK-0002,change,closed,CI-0111,2026-04-14T05:10:17,2026-04-15T16:28:48.183698,P1,Scheduled patch window for sharepoint-site-long-111
TCK-0003,incident,closed,CI-0156,2026-07-08T06:32:27,2026-07-11T00:21:46.465676,P2,Service outage - sharepoint-site-close-156
TCK-0004,tuning_task,closed,CI-0162,2026-04-19T23:42:01,2026-04-23T15:21:21.845164,P1,Memory usage tuning for sharepoint-site-focus-162
TCK-0005,tuning_task,closed,CI-0148,2026-05-06T11:32:17,2026-05-08T16:27:01.660077,P1,Memory usage tuning for power-platform-environment-fish-148
TCK-0006,tuning_task,closed,CI-0030,2026-02-19T22:51:52,2026-02-22T03:07:09.663972,P2,Memory usage tuning for exchange-online-connector-guess-030
TCK-0007,incident,closed,CI-0188,2026-04-10T14:00:21,2026-04-11T02:25:36.556550,P2,Service outage - sharepoint-site-drop-188
TCK-0008,incident,closed,CI-0200,2026-05-03T15:32:41,2026-05-04T13:26:15.425227,P3,Service outage - power-platform-environment-involve-200
TCK-0009,incident,closed,CI-0178,2026-07-19T01:36:11,2026-07-21T20:16:20.720930,P1,Service outage - sharepoint-document-library-news-178
TCK-0010,change,closed,CI-0090,2026-05-12T05:21:19,2026-05-15T16:53:11.002693,P4,Config rollout for azure-ad-connect-sync-want-090
TCK-0011,change,closed,CI-0195,2026-04-05T22:19:47,2026-04-07T04:02:44.404783,P4,Config rollout for sharepoint-site-recognize-195
TCK-0012,change,closed,CI-0198,2026-05-10T19:31:41,2026-05-14T05:46:54.932391,P2,Scheduled patch window for sharepoint-site-score-198
TCK-0013,incident,closed,CI-0018,2026-04-20T13:03:23,2026-04-24T05:25:03.012293,P4,teams-notification-queue-while-018 health check failing
TCK-0014,incident,closed,CI-0028,2026-02-23T19:27:47,2026-02-26T03:36:51.307742,P2,Disk space critical on power-platform-environment-commercial-028
TCK-0015,incident,closed,CI-0185,2026-07-31T22:09:28,2026-08-01T13:13:31.661192,P4,Elevated error rate on sharepoint-site-east-185
TCK-0016,change,closed,CI-0038,2026-02-25T04:03:49,2026-02-26T01:34:54.025988,P1,Config rollout for dataverse-instance-authority-038
TCK-0017,change,closed,CI-0187,2026-06-06T09:16:58,2026-06-07T07:14:21.398027,P2,Config rollout for power-automate-gateway-stop-187
TCK-0018,tuning_task,closed,CI-0133,2026-08-06T09:51:16,2026-08-10T09:03:33.259134,P1,Latency tuning investigation for power-automate-gateway-increase-133
TCK-0019,tuning_task,closed,CI-0007,2026-07-30T19:34:20,2026-08-01T15:27:02.966170,P3,Query optimisation review for sharepoint-site-his-007
TCK-0020,tuning_task,closed,CI-0141,2026-02-19T20:12:25,2026-02-22T16:52:03.040273,P2,Query optimisation review for sharepoint-site-pretty-141
TCK-0021,change,open,CI-0128,2026-05-24T02:33:10,,P4,Scheduled patch window for onedrive-sync-cache-development-128
TCK-0022,change,closed,CI-0056,2026-03-25T10:25:32,2026-03-27T03:03:41.524228,P3,Config rollout for power-automate-gateway-develop-056
TCK-0023,change,closed,CI-0047,2026-06-21T14:05:27,2026-06-25T13:32:44.382038,P3,Config rollout for sharepoint-document-library-item-047
TCK-0024,incident,closed,CI-0038,2026-06-18T22:33:03,2026-06-21T21:10:12.798818,P4,Service outage - dataverse-instance-authority-038
TCK-0025,change,closed,CI-0026,2026-05-24T06:58:14,2026-05-25T11:59:15.847304,P4,Cert rotation for azure-ad-connect-sync-born-026
TCK-0026,change,closed,CI-0114,2026-06-06T23:51:01,2026-06-07T08:29:56.785941,P2,Scheduled patch window for dataverse-instance-stop-114
TCK-0027,tuning_task,closed,CI-0181,2026-08-03T08:09:07,2026-08-04T09:30:11.372081,P4,Latency tuning investigation for power-platform-environment-create-181
TCK-0028,incident,open,CI-0038,2026-03-09T08:22:19,,P1,Disk space critical on dataverse-instance-authority-038
TCK-0029,change,in_progress,CI-0028,2026-02-26T08:25:31,,P4,Cert rotation for power-platform-environment-commercial-028
TCK-0030,incident,closed,CI-0016,2026-08-04T22:45:42,2026-08-05T17:04:36.845509,P1,Connection timeouts to azure-ad-connect-sync-trial-016
TCK-0031,tuning_task,closed,CI-0198,2026-06-10T21:42:55,2026-06-12T21:09:40.751600,P2,Memory usage tuning for sharepoint-site-score-198
TCK-0032,tuning_task,closed,CI-0117,2026-07-27T03:10:04,2026-07-28T18:07:29.180149,P4,Latency tuning investigation for sharepoint-document-library-see-117
TCK-0033,incident,closed,CI-0041,2026-06-29T01:26:21,2026-06-29T18:31:42.461074,P3,Elevated error rate on dataverse-instance-of-041
TCK-0034,change,closed,CI-0081,2026-05-17T14:06:04,2026-05-18T19:45:41.063600,P3,Scheduled patch window for sharepoint-site-level-081
TCK-0035,incident,closed,CI-0027,2026-05-02T11:38:22,2026-05-04T08:33:54.914934,P4,Service outage - dataverse-instance-number-027
TCK-0036,change,closed,CI-0109,2026-08-04T23:33:43,2026-08-07T23:41:50.689898,P2,Config rollout for sharepoint-site-course-109
TCK-0037,tuning_task,closed,CI-0071,2026-05-21T21:54:10,2026-05-24T08:01:27.643054,P2,Query optimisation review for sharepoint-document-library-theory-071
TCK-0038,change,closed,CI-0034,2026-02-20T03:10:21,2026-02-22T06:02:45.606129,P2,Cert rotation for sharepoint-document-library-cut-034
TCK-0039,incident,closed,CI-0056,2026-07-24T03:32:47,2026-07-26T09:43:13.080532,P4,Disk space critical on power-automate-gateway-develop-056
TCK-0040,tuning_task,closed,CI-0060,2026-05-02T08:20:06,2026-05-05T11:59:54.416376,P2,Memory usage tuning for power-automate-gateway-these-060
TCK-0041,change,open,CI-0147,2026-05-31T06:48:54,,P4,Cert rotation for teams-notification-queue-sport-147
TCK-0042,incident,open,CI-0138,2026-05-28T14:45:13,,P3,Connection timeouts to power-platform-environment-identify-138
TCK-0043,change,closed,CI-0001,2026-07-08T21:37:58,2026-07-12T01:09:05.394964,P4,Scheduled patch window for sharepoint-site-along-001
TCK-0044,change,closed,CI-0133,2026-05-25T11:19:11,2026-05-27T16:05:27.025868,P3,Config rollout for power-automate-gateway-increase-133
TCK-0045,tuning_task,closed,CI-0169,2026-05-26T08:06:27,2026-05-29T06:56:28.128146,P3,Memory usage tuning for dataverse-instance-boy-169
TCK-0046,incident,closed,CI-0121,2026-07-15T11:04:18,2026-07-18T04:01:46.782539,P1,onedrive-sync-cache-that-121 health check failing
TCK-0047,change,closed,CI-0025,2026-07-29T04:57:20,2026-07-31T16:02:27.506308,P1,Cert rotation for sharepoint-site-but-025
TCK-0048,incident,in_progress,CI-0074,2026-02-12T03:52:01,,P4,Elevated error rate on dataverse-instance-test-074
TCK-0049,incident,closed,CI-0027,2026-04-29T23:11:26,2026-05-01T16:30:07.302160,P3,Disk space critical on dataverse-instance-number-027
TCK-0050,incident,closed,CI-0027,2026-03-03T08:48:39,2026-03-06T02:22:30.322004,P3,Disk space critical on dataverse-instance-number-027
TCK-0051,incident,closed,CI-0149,2026-06-25T20:06:48,2026-06-27T00:22:05.112893,P1,Connection timeouts to power-platform-environment-million-149
TCK-0052,tuning_task,closed,CI-0085,2026-03-01T09:25:39,2026-03-04T08:26:18.714125,P1,Query optimisation review for power-platform-environment-federal-085
TCK-0053,change,open,CI-0139,2026-08-03T23:57:30,,P3,Scheduled patch window for dataverse-instance-lawyer-139
TCK-0054,incident,closed,CI-0028,2026-05-25T00:01:19,2026-05-27T12:22:24.508536,P3,Elevated error rate on power-platform-environment-commercial-028
TCK-0055,tuning_task,closed,CI-0012,2026-07-26T17:33:42,2026-07-29T12:43:00.696648,P4,Query optimisation review for sharepoint-document-library-religious-012
TCK-0056,tuning_task,closed,CI-0134,2026-03-12T08:33:51,2026-03-14T11:51:09.297123,P3,Latency tuning investigation for onedrive-sync-cache-choice-134
TCK-0057,tuning_task,closed,CI-0144,2026-05-03T21:45:32,2026-05-07T05:39:58.194734,P2,Memory usage tuning for dataverse-instance-indicate-144
TCK-0058,incident,in_progress,CI-0108,2026-06-30T14:56:13,,P3,Service outage - exchange-online-connector-girl-108
TCK-0059,change,closed,CI-0111,2026-03-11T16:25:00,2026-03-13T08:01:37.549681,P4,Cert rotation for sharepoint-site-long-111
TCK-0060,tuning_task,closed,CI-0053,2026-04-16T06:10:17,2026-04-18T02:02:19.879301,P4,Memory usage tuning for dataverse-instance-hope-053
TCK-0061,incident,closed,CI-0125,2026-05-10T10:10:46,2026-05-11T05:12:09.116048,P2,teams-notification-queue-important-125 health check failing
TCK-0062,incident,closed,CI-0035,2026-03-05T00:09:10,2026-03-05T18:48:33.751112,P2,Disk space critical on onedrive-sync-cache-door-035
TCK-0063,incident,closed,CI-0129,2026-06-02T18:18:00,2026-06-04T10:39:32.741838,P3,Service outage - teams-notification-queue-sea-129
TCK-0064,change,closed,CI-0151,2026-03-22T17:28:16,2026-03-25T13:33:08.418145,P3,Scheduled patch window for azure-ad-connect-sync-Congress-151
TCK-0065,tuning_task,closed,CI-0156,2026-02-25T05:15:39,2026-02-25T15:18:18.156490,P4,Latency tuning investigation for sharepoint-site-close-156
TCK-0066,change,closed,CI-0168,2026-07-09T23:43:06,2026-07-12T14:21:57.080284,P3,Cert rotation for power-automate-gateway-large-168
TCK-0067,change,closed,CI-0168,2026-08-03T17:38:22,2026-08-04T17:05:00.914015,P4,Cert rotation for power-automate-gateway-large-168
TCK-0068,tuning_task,closed,CI-0067,2026-03-17T19:22:57,2026-03-20T04:09:41.170789,P4,Latency tuning investigation for exchange-online-connector-see-067
TCK-0069,incident,closed,CI-0023,2026-03-06T08:03:03,2026-03-07T19:44:29.923093,P2,Disk space critical on teams-notification-queue-surface-023
TCK-0070,incident,closed,CI-0078,2026-03-24T06:22:32,2026-03-25T18:44:12.546953,P4,Elevated error rate on azure-ad-connect-sync-treatment-078
TCK-0071,tuning_task,closed,CI-0193,2026-03-16T10:57:26,2026-03-17T09:47:19.805292,P3,Latency tuning investigation for power-platform-environment-north-193
TCK-0072,change,closed,CI-0108,2026-04-15T21:59:53,2026-04-17T00:18:58.808896,P3,Scheduled patch window for exchange-online-connector-girl-108
TCK-0073,incident,in_progress,CI-0069,2026-02-09T21:32:51,,P3,Connection timeouts to exchange-online-connector-course-069
TCK-0074,change,closed,CI-0180,2026-06-23T05:51:18,2026-06-25T06:51:54.399491,P4,Scheduled patch window for sharepoint-site-see-180
TCK-0075,incident,closed,CI-0015,2026-03-11T16:04:41,2026-03-15T00:33:05.533682,P3,exchange-online-connector-while-015 health check failing
TCK-0076,change,open,CI-0084,2026-02-22T05:25:39,,P4,Scheduled patch window for power-automate-gateway-design-084
TCK-0077,change,closed,CI-0125,2026-02-13T16:53:40,2026-02-14T14:06:31.513542,P1,Scheduled patch window for teams-notification-queue-important-125
TCK-0078,change,closed,CI-0190,2026-06-23T07:26:18,2026-06-23T17:47:25.750048,P1,Scheduled patch window for teams-notification-queue-traditional-190
TCK-0079,tuning_task,closed,CI-0043,2026-05-01T20:45:35,2026-05-04T16:00:06.582994,P2,Query optimisation review for azure-ad-connect-sync-beat-043
TCK-0080,tuning_task,closed,CI-0006,2026-07-11T07:21:48,2026-07-13T20:02:56.189333,P2,Memory usage tuning for exchange-online-connector-figure-006
TCK-0081,change,in_progress,CI-0167,2026-06-17T11:43:38,,P1,Config rollout for dataverse-instance-military-167
TCK-0082,incident,closed,CI-0038,2026-05-25T06:32:04,2026-05-26T15:10:23.396382,P1,Disk space critical on dataverse-instance-authority-038
TCK-0083,change,closed,CI-0056,2026-02-09T13:43:40,2026-02-10T02:28:52.335536,P3,Config rollout for power-automate-gateway-develop-056
TCK-0084,change,closed,CI-0088,2026-07-19T13:44:19,2026-07-21T19:49:30.358794,P2,Scheduled patch window for dataverse-instance-because-088
TCK-0085,tuning_task,closed,CI-0011,2026-07-03T18:50:52,2026-07-04T03:50:57.004416,P4,Latency tuning investigation for dataverse-instance-drug-011
TCK-0086,incident,open,CI-0108,2026-02-24T14:39:42,,P2,Connection timeouts to exchange-online-connector-girl-108
TCK-0087,incident,open,CI-0093,2026-04-17T11:56:48,,P4,Elevated error rate on dataverse-instance-tax-093
TCK-0088,change,open,CI-0176,2026-04-02T12:37:49,,P2,Scheduled patch window for power-automate-gateway-catch-176
TCK-0089,tuning_task,closed,CI-0117,2026-05-25T13:34:03,2026-05-26T23:44:12.673708,P3,Latency tuning investigation for sharepoint-document-library-see-117
TCK-0090,incident,closed,CI-0166,2026-03-26T02:04:54,2026-03-29T11:55:08.442580,P1,Elevated error rate on dataverse-instance-make-166
TCK-0091,change,closed,CI-0164,2026-07-27T14:16:49,2026-07-29T17:58:23.653184,P1,Cert rotation for onedrive-sync-cache-board-164
TCK-0092,tuning_task,closed,CI-0097,2026-07-18T10:48:50,2026-07-19T09:12:52.938998,P1,Query optimisation review for teams-notification-queue-opportunity-097
TCK-0093,tuning_task,closed,CI-0151,2026-06-22T15:52:33,2026-06-23T10:59:20.003131,P4,Latency tuning investigation for azure-ad-connect-sync-Congress-151
TCK-0094,change,closed,CI-0066,2026-04-29T13:22:14,2026-04-30T07:55:19.596982,P3,Scheduled patch window for azure-ad-connect-sync-sea-066
TCK-0095,change,closed,CI-0061,2026-04-29T18:30:29,2026-04-30T14:39:16.282807,P3,Scheduled patch window for power-platform-environment-back-061
TCK-0096,change,closed,CI-0086,2026-07-06T04:22:41,2026-07-08T11:07:40.662740,P1,Cert rotation for power-platform-environment-oil-086
TCK-0097,tuning_task,closed,CI-0164,2026-03-30T13:13:08,2026-04-02T04:45:13.329976,P3,Memory usage tuning for onedrive-sync-cache-board-164
TCK-0098,incident,closed,CI-0047,2026-07-18T15:59:31,2026-07-20T13:35:43.949269,P1,sharepoint-document-library-item-047 health check failing
TCK-0099,incident,closed,CI-0107,2026-03-08T21:03:12,2026-03-11T07:40:37.882882,P1,Disk space critical on power-platform-environment-poor-107
TCK-0100,incident,open,CI-0050,2026-04-09T04:08:07,,P2,Service outage - power-platform-environment-follow-050
TCK-0101,change,closed,CI-0061,2026-06-06T18:11:24,2026-06-10T00:12:21.979718,P4,Scheduled patch window for power-platform-environment-back-061
TCK-0102,change,closed,CI-0175,2026-07-21T07:26:49,2026-07-25T03:50:18.728166,P2,Scheduled patch window for sharepoint-document-library-draw-175
TCK-0103,incident,in_progress,CI-0063,2026-05-14T11:44:30,,P3,Connection timeouts to sharepoint-site-medical-063
TCK-0104,tuning_task,closed,CI-0007,2026-05-07T22:28:20,2026-05-08T20:59:32.619832,P2,Query optimisation review for sharepoint-site-his-007
TCK-0105,incident,closed,CI-0141,2026-07-08T09:43:06,2026-07-09T21:51:19.801203,P1,Connection timeouts to sharepoint-site-pretty-141
TCK-0106,change,closed,CI-0072,2026-04-21T14:46:59,2026-04-25T09:20:58.156336,P1,Config rollout for sharepoint-document-library-claim-072
TCK-0107,change,closed,CI-0152,2026-06-01T04:17:30,2026-06-01T22:43:57.862849,P4,Scheduled patch window for sharepoint-site-loss-152
TCK-0108,change,open,CI-0194,2026-04-03T19:57:34,,P2,Scheduled patch window for exchange-online-connector-worker-194
TCK-0109,change,in_progress,CI-0173,2026-07-24T23:57:07,,P1,Scheduled patch window for power-platform-environment-concern-173
TCK-0110,tuning_task,closed,CI-0084,2026-03-08T14:19:30,2026-03-09T14:27:41.619667,P1,Latency tuning investigation for power-automate-gateway-design-084
TCK-0111,tuning_task,in_progress,CI-0073,2026-03-18T19:34:07,,P2,Query optimisation review for sharepoint-site-society-073
TCK-0112,tuning_task,closed,CI-0081,2026-03-21T13:08:08,2026-03-23T03:02:44.063667,P3,Memory usage tuning for sharepoint-site-level-081
TCK-0113,incident,closed,CI-0191,2026-02-21T22:03:29,2026-02-22T21:21:22.568704,P2,Disk space critical on sharepoint-document-library-why-191
TCK-0114,change,open,CI-0120,2026-02-19T17:22:00,,P2,Cert rotation for dataverse-instance-black-120
TCK-0115,change,closed,CI-0193,2026-03-25T15:00:12,2026-03-28T03:10:43.829720,P3,Cert rotation for power-platform-environment-north-193
TCK-0116,change,closed,CI-0069,2026-06-26T01:57:01,2026-06-28T10:35:27.440509,P2,Scheduled patch window for exchange-online-connector-course-069
TCK-0117,incident,closed,CI-0184,2026-08-06T09:58:53,2026-08-09T19:16:52.633525,P4,Service outage - sharepoint-document-library-law-184
TCK-0118,incident,closed,CI-0080,2026-03-07T14:01:28,2026-03-08T10:50:13.765320,P1,Disk space critical on power-automate-gateway-should-080
TCK-0119,change,closed,CI-0116,2026-05-09T17:12:58,2026-05-11T01:25:09.819949,P3,Cert rotation for exchange-online-connector-long-116
TCK-0120,tuning_task,closed,CI-0065,2026-04-02T18:07:10,2026-04-03T23:16:05.092200,P2,Latency tuning investigation for power-automate-gateway-stop-065
TCK-0121,incident,closed,CI-0054,2026-07-20T12:38:54,2026-07-21T12:38:25.328871,P2,sharepoint-document-library-family-054 health check failing
TCK-0122,incident,closed,CI-0168,2026-03-01T21:59:02,2026-03-03T01:26:18.516811,P2,Service outage - power-automate-gateway-large-168
TCK-0123,change,closed,CI-0155,2026-02-23T00:02:15,2026-02-24T17:06:52.105594,P3,Config rollout for power-automate-gateway-key-155
TCK-0124,tuning_task,closed,CI-0188,2026-03-20T03:27:39,2026-03-22T00:15:47.201468,P3,Query optimisation review for sharepoint-site-drop-188
TCK-0125,change,closed,CI-0160,2026-04-02T08:20:01,2026-04-05T02:22:44.933645,P4,Config rollout for power-platform-environment-form-160
TCK-0126,change,closed,CI-0173,2026-06-01T22:09:30,2026-06-04T19:20:35.959499,P1,Config rollout for power-platform-environment-concern-173
TCK-0127,change,closed,CI-0018,2026-05-13T05:31:36,2026-05-13T15:51:08.456082,P1,Scheduled patch window for teams-notification-queue-while-018
TCK-0128,tuning_task,closed,CI-0124,2026-07-02T06:27:25,2026-07-04T19:39:40.917380,P1,Query optimisation review for exchange-online-connector-region-124
TCK-0129,tuning_task,closed,CI-0010,2026-05-19T08:23:07,2026-05-23T02:01:19.713817,P4,Query optimisation review for power-automate-gateway-art-010
TCK-0130,incident,in_progress,CI-0161,2026-05-19T12:03:12,,P4,Connection timeouts to power-platform-environment-law-161
TCK-0131,incident,open,CI-0133,2026-07-11T13:02:52,,P3,Elevated error rate on power-automate-gateway-increase-133
TCK-0132,incident,closed,CI-0027,2026-06-22T19:49:33,2026-06-23T10:52:46.610309,P1,Service outage - dataverse-instance-number-027
TCK-0133,tuning_task,open,CI-0007,2026-06-25T16:11:17,,P3,Memory usage tuning for sharepoint-site-his-007
TCK-0134,change,closed,CI-0004,2026-07-09T18:35:12,2026-07-13T12:32:52.489957,P4,Scheduled patch window for teams-notification-queue-form-004
TCK-0135,tuning_task,closed,CI-0018,2026-06-26T17:21:13,2026-06-30T13:41:10.243891,P3,Latency tuning investigation for teams-notification-queue-while-018
TCK-0136,change,closed,CI-0128,2026-05-17T05:26:42,2026-05-18T23:41:13.912976,P3,Config rollout for onedrive-sync-cache-development-128
TCK-0137,tuning_task,in_progress,CI-0176,2026-07-16T14:37:03,,P3,Query optimisation review for power-automate-gateway-catch-176
TCK-0138,incident,closed,CI-0041,2026-06-10T02:15:56,2026-06-10T06:56:39.519653,P1,Elevated error rate on dataverse-instance-of-041
TCK-0139,tuning_task,closed,CI-0144,2026-03-16T00:19:55,2026-03-16T16:06:54.139133,P2,Query optimisation review for dataverse-instance-indicate-144
TCK-0140,incident,closed,CI-0168,2026-04-28T21:15:01,2026-05-01T04:58:11.764389,P1,Connection timeouts to power-automate-gateway-large-168
TCK-0141,incident,closed,CI-0194,2026-06-28T22:53:46,2026-06-30T19:56:36.886783,P2,Disk space critical on exchange-online-connector-worker-194
TCK-0142,incident,closed,CI-0121,2026-03-09T21:02:42,2026-03-11T07:39:28.670656,P2,Elevated error rate on onedrive-sync-cache-that-121
TCK-0143,change,closed,CI-0173,2026-07-20T04:24:55,2026-07-21T17:25:38.115929,P1,Cert rotation for power-platform-environment-concern-173
TCK-0144,change,closed,CI-0166,2026-08-04T02:39:33,2026-08-05T12:57:40.693884,P3,Cert rotation for dataverse-instance-make-166
TCK-0145,tuning_task,closed,CI-0052,2026-03-10T09:18:35,2026-03-14T07:42:35.044065,P4,Query optimisation review for azure-ad-connect-sync-long-052
TCK-0146,change,closed,CI-0197,2026-05-05T16:19:27,2026-05-06T12:20:06.643182,P2,Cert rotation for power-automate-gateway-a-197
TCK-0147,tuning_task,closed,CI-0160,2026-07-04T17:42:17,2026-07-05T16:50:11.994713,P3,Memory usage tuning for power-platform-environment-form-160
TCK-0148,change,closed,CI-0164,2026-03-20T20:46:08,2026-03-21T19:15:21.715318,P4,Cert rotation for onedrive-sync-cache-board-164
TCK-0149,change,closed,CI-0146,2026-07-18T13:24:26,2026-07-21T08:28:19.167025,P2,Cert rotation for teams-notification-queue-win-146
TCK-0150,tuning_task,closed,CI-0032,2026-03-09T10:55:32,2026-03-11T21:29:19.357941,P4,Memory usage tuning for dataverse-instance-direction-032
TCK-0151,change,closed,CI-0103,2026-05-05T10:20:19,2026-05-05T21:22:14.335316,P4,Cert rotation for onedrive-sync-cache-knowledge-103
TCK-0152,tuning_task,closed,CI-0127,2026-02-18T03:24:47,2026-02-21T21:50:52.739103,P3,Latency tuning investigation for exchange-online-connector-wind-127
TCK-0153,change,closed,CI-0008,2026-03-23T12:05:02,2026-03-24T04:47:30.461508,P2,Scheduled patch window for power-platform-environment-wait-008
TCK-0154,change,in_progress,CI-0077,2026-07-05T06:24:44,,P1,Cert rotation for power-platform-environment-natural-077
TCK-0155,change,closed,CI-0133,2026-05-20T13:49:36,2026-05-21T08:10:10.037254,P1,Cert rotation for power-automate-gateway-increase-133
TCK-0156,incident,closed,CI-0117,2026-05-30T20:47:36,2026-06-02T09:03:06.539308,P1,Connection timeouts to sharepoint-document-library-see-117
TCK-0157,change,closed,CI-0077,2026-07-26T18:19:35,2026-07-30T07:40:54.433583,P4,Scheduled patch window for power-platform-environment-natural-077
TCK-0158,tuning_task,closed,CI-0112,2026-07-20T13:01:15,2026-07-21T15:32:34.528332,P2,Memory usage tuning for exchange-online-connector-cost-112
TCK-0159,change,closed,CI-0058,2026-02-19T00:53:04,2026-02-22T03:08:44.237847,P1,Cert rotation for power-automate-gateway-second-058
TCK-0160,tuning_task,closed,CI-0154,2026-05-10T16:10:37,2026-05-13T04:49:31.402204,P1,Memory usage tuning for onedrive-sync-cache-interesting-154
TCK-0161,incident,closed,CI-0129,2026-06-30T03:48:43,2026-06-30T21:33:16.042858,P3,teams-notification-queue-sea-129 health check failing
TCK-0162,change,closed,CI-0067,2026-04-15T18:41:49,2026-04-18T18:45:28.760955,P2,Config rollout for exchange-online-connector-see-067
TCK-0163,incident,closed,CI-0121,2026-05-05T16:49:23,2026-05-05T17:48:03.959009,P3,Elevated error rate on onedrive-sync-cache-that-121
TCK-0164,change,closed,CI-0076,2026-03-09T00:18:49,2026-03-09T06:30:31.225755,P3,Cert rotation for dataverse-instance-discussion-076
TCK-0165,tuning_task,closed,CI-0023,2026-03-24T09:28:46,2026-03-26T12:39:44.101601,P4,Latency tuning investigation for teams-notification-queue-surface-023
TCK-0166,tuning_task,closed,CI-0145,2026-05-20T16:18:15,2026-05-24T00:37:49.568024,P4,Memory usage tuning for sharepoint-site-audience-145
TCK-0167,incident,closed,CI-0182,2026-07-30T02:10:43,2026-08-01T15:41:48.677940,P2,Service outage - sharepoint-site-management-182
TCK-0168,incident,closed,CI-0118,2026-06-03T07:35:17,2026-06-03T16:48:40.095168,P2,Disk space critical on power-automate-gateway-wear-118
TCK-0169,incident,in_progress,CI-0178,2026-03-20T21:56:59,,P1,Elevated error rate on sharepoint-document-library-news-178
TCK-0170,incident,closed,CI-0184,2026-08-05T04:08:41,2026-08-08T13:15:19.195748,P2,Elevated error rate on sharepoint-document-library-law-184
TCK-0171,tuning_task,closed,CI-0179,2026-04-04T19:43:09,2026-04-05T03:18:00.433250,P3,Memory usage tuning for azure-ad-connect-sync-page-179
TCK-0172,incident,closed,CI-0099,2026-05-19T22:50:23,2026-05-20T06:45:43.567785,P3,dataverse-instance-election-099 health check failing
TCK-0173,change,closed,CI-0198,2026-05-26T13:56:45,2026-05-30T12:36:02.899849,P1,Cert rotation for sharepoint-site-score-198
TCK-0174,change,closed,CI-0197,2026-05-16T15:54:29,2026-05-19T15:36:16.506707,P3,Cert rotation for power-automate-gateway-a-197
TCK-0175,tuning_task,closed,CI-0068,2026-06-06T16:40:19,2026-06-10T07:39:04.041621,P1,Latency tuning investigation for dataverse-instance-tax-068
TCK-0176,change,closed,CI-0064,2026-07-31T01:43:16,2026-08-02T09:15:49.806299,P1,Cert rotation for power-platform-environment-must-064
TCK-0177,change,closed,CI-0129,2026-02-24T22:15:56,2026-02-25T05:19:11.637845,P3,Cert rotation for teams-notification-queue-sea-129
TCK-0178,tuning_task,closed,CI-0122,2026-03-02T19:48:26,2026-03-02T22:18:45.980822,P2,Query optimisation review for azure-ad-connect-sync-fire-122
TCK-0179,tuning_task,closed,CI-0091,2026-02-13T18:23:50,2026-02-15T10:06:26.837493,P1,Query optimisation review for azure-ad-connect-sync-need-091
TCK-0180,tuning_task,closed,CI-0191,2026-07-13T23:05:44,2026-07-17T06:36:31.586698,P3,Latency tuning investigation for sharepoint-document-library-why-191
TCK-0181,tuning_task,closed,CI-0152,2026-08-01T13:42:00,2026-08-04T04:36:45.220635,P1,Latency tuning investigation for sharepoint-site-loss-152
TCK-0182,tuning_task,open,CI-0178,2026-05-20T17:30:55,,P4,Latency tuning investigation for sharepoint-document-library-news-178
TCK-0183,incident,closed,CI-0008,2026-05-21T13:37:57,2026-05-24T23:46:30.074933,P4,Disk space critical on power-platform-environment-wait-008
TCK-0184,incident,closed,CI-0137,2026-05-11T21:42:35,2026-05-15T06:27:36.543517,P2,Elevated error rate on sharepoint-site-knowledge-137
TCK-0185,change,closed,CI-0191,2026-05-07T23:15:50,2026-05-10T10:07:08.926071,P3,Config rollout for sharepoint-document-library-why-191
TCK-0186,tuning_task,in_progress,CI-0191,2026-02-12T12:50:04,,P3,Memory usage tuning for sharepoint-document-library-why-191
TCK-0187,incident,closed,CI-0148,2026-07-16T14:58:16,2026-07-16T21:32:04.196412,P2,Connection timeouts to power-platform-environment-fish-148
TCK-0188,tuning_task,closed,CI-0093,2026-06-01T07:51:45,2026-06-02T08:08:23.002681,P2,Query optimisation review for dataverse-instance-tax-093
TCK-0189,incident,closed,CI-0154,2026-07-29T23:56:54,2026-08-01T04:23:36.468924,P1,Service outage - onedrive-sync-cache-interesting-154
TCK-0190,incident,open,CI-0081,2026-07-01T12:11:09,,P1,sharepoint-site-level-081 health check failing
TCK-0191,change,closed,CI-0104,2026-04-02T15:40:40,2026-04-03T12:18:44.431096,P4,Config rollout for power-platform-environment-direction-104
TCK-0192,change,closed,CI-0096,2026-06-28T13:04:36,2026-07-01T12:46:48.370566,P1,Cert rotation for dataverse-instance-official-096
TCK-0193,change,closed,CI-0065,2026-05-26T07:03:57,2026-05-29T02:18:58.816423,P4,Config rollout for power-automate-gateway-stop-065
TCK-0194,change,closed,CI-0048,2026-05-23T12:46:13,2026-05-26T14:36:36.053493,P3,Config rollout for sharepoint-document-library-song-048
TCK-0195,change,closed,CI-0005,2026-05-28T10:50:12,2026-05-29T02:42:44.321662,P2,Config rollout for azure-ad-connect-sync-that-005
TCK-0196,change,closed,CI-0005,2026-03-19T17:16:03,2026-03-23T14:36:51.841942,P4,Cert rotation for azure-ad-connect-sync-that-005
TCK-0197,change,closed,CI-0148,2026-06-27T08:36:27,2026-06-29T04:39:06.184111,P1,Cert rotation for power-platform-environment-fish-148
TCK-0198,incident,closed,CI-0191,2026-06-08T15:23:07,2026-06-09T21:11:22.287238,P3,sharepoint-document-library-why-191 health check failing
TCK-0199,tuning_task,open,CI-0097,2026-03-28T04:30:14,,P1,Memory usage tuning for teams-notification-queue-opportunity-097
TCK-0200,tuning_task,closed,CI-0068,2026-08-01T16:32:53,2026-08-04T22:40:03.013653,P1,Latency tuning investigation for dataverse-instance-tax-068
TCK-0201,incident,closed,CI-0138,2026-07-03T10:56:27,2026-07-04T18:30:07.128725,P4,Disk space critical on power-platform-environment-identify-138
TCK-0202,change,closed,CI-0139,2026-07-31T20:00:30,2026-08-02T12:22:46.229616,P3,Scheduled patch window for dataverse-instance-lawyer-139
TCK-0203,tuning_task,closed,CI-0022,2026-05-16T10:20:28,2026-05-18T10:57:49.846023,P4,Memory usage tuning for power-platform-environment-off-022
TCK-0204,tuning_task,closed,CI-0127,2026-04-20T19:57:49,2026-04-21T18:19:50.979107,P3,Latency tuning investigation for exchange-online-connector-wind-127
TCK-0205,change,in_progress,CI-0168,2026-07-29T08:10:47,,P2,Scheduled patch window for power-automate-gateway-large-168
TCK-0206,tuning_task,closed,CI-0026,2026-03-26T17:19:04,2026-03-27T19:32:53.948857,P4,Latency tuning investigation for azure-ad-connect-sync-born-026
TCK-0207,tuning_task,closed,CI-0197,2026-05-01T17:14:22,2026-05-04T07:24:30.367827,P2,Query optimisation review for power-automate-gateway-a-197
TCK-0208,tuning_task,closed,CI-0143,2026-02-15T18:18:50,2026-02-17T17:00:43.677968,P4,Query optimisation review for azure-ad-connect-sync-between-143
TCK-0209,change,in_progress,CI-0186,2026-03-22T16:32:26,,P3,Scheduled patch window for azure-ad-connect-sync-gun-186
TCK-0210,change,closed,CI-0051,2026-05-08T20:34:01,2026-05-12T14:24:26.579200,P4,Config rollout for teams-notification-queue-third-051
TCK-0211,incident,closed,CI-0141,2026-07-06T14:09:01,2026-07-10T02:49:46.720902,P2,sharepoint-site-pretty-141 health check failing
TCK-0212,incident,closed,CI-0082,2026-06-08T13:14:48,2026-06-11T04:48:02.946262,P1,Elevated error rate on power-automate-gateway-down-082
TCK-0213,tuning_task,closed,CI-0089,2026-05-01T09:01:33,2026-05-02T09:18:11.412109,P1,Memory usage tuning for azure-ad-connect-sync-agree-089
TCK-0214,change,closed,CI-0090,2026-03-06T04:59:06,2026-03-07T19:57:42.381896,P1,Config rollout for azure-ad-connect-sync-want-090
TCK-0215,incident,closed,CI-0147,2026-06-07T06:27:46,2026-06-08T21:23:07.835680,P3,Service outage - teams-notification-queue-sport-147
TCK-0216,change,closed,CI-0088,2026-07-17T03:04:40,2026-07-21T00:16:24.882322,P4,Config rollout for dataverse-instance-because-088
TCK-0217,tuning_task,closed,CI-0014,2026-04-13T17:34:27,2026-04-15T22:41:00.852372,P2,Query optimisation review for sharepoint-document-library-choice-014
TCK-0218,tuning_task,closed,CI-0053,2026-04-06T19:34:33,2026-04-09T13:41:42.377298,P4,Memory usage tuning for dataverse-instance-hope-053
TCK-0219,tuning_task,closed,CI-0173,2026-03-15T22:16:41,2026-03-17T03:09:43.948827,P1,Memory usage tuning for power-platform-environment-concern-173
TCK-0220,tuning_task,closed,CI-0114,2026-07-23T21:09:35,2026-07-27T16:54:24.700989,P1,Query optimisation review for dataverse-instance-stop-114
TCK-0221,change,closed,CI-0076,2026-07-31T22:15:04,2026-08-01T00:46:02.864709,P4,Scheduled patch window for dataverse-instance-discussion-076
TCK-0222,tuning_task,closed,CI-0014,2026-08-01T19:50:56,2026-08-04T09:07:30.566914,P4,Memory usage tuning for sharepoint-document-library-choice-014
TCK-0223,incident,closed,CI-0186,2026-05-07T19:04:39,2026-05-09T05:09:46.528934,P2,Connection timeouts to azure-ad-connect-sync-gun-186
TCK-0224,incident,closed,CI-0015,2026-05-29T11:28:12,2026-05-31T09:40:47.259059,P4,Elevated error rate on exchange-online-connector-while-015
TCK-0225,change,closed,CI-0004,2026-03-15T05:08:13,2026-03-15T10:36:49.664545,P1,Config rollout for teams-notification-queue-form-004
TCK-0226,tuning_task,closed,CI-0066,2026-04-20T17:38:01,2026-04-21T14:09:16.908873,P1,Query optimisation review for azure-ad-connect-sync-sea-066
TCK-0227,incident,closed,CI-0192,2026-04-25T15:44:08,2026-04-28T20:42:34.398689,P3,Service outage - exchange-online-connector-kid-192
TCK-0228,tuning_task,closed,CI-0029,2026-03-09T09:57:43,2026-03-10T15:25:44.296504,P2,Latency tuning investigation for exchange-online-connector-side-029
TCK-0229,change,closed,CI-0076,2026-07-11T12:38:29,2026-07-15T08:49:21.123946,P4,Scheduled patch window for dataverse-instance-discussion-076
TCK-0230,change,closed,CI-0125,2026-07-20T08:09:06,2026-07-21T17:11:00.290767,P3,Config rollout for teams-notification-queue-important-125
TCK-0231,incident,closed,CI-0128,2026-02-15T15:46:51,2026-02-18T12:16:11.608369,P3,Connection timeouts to onedrive-sync-cache-development-128
TCK-0232,incident,closed,CI-0063,2026-03-01T08:23:53,2026-03-02T11:03:48.757186,P4,sharepoint-site-medical-063 health check failing
TCK-0233,change,closed,CI-0083,2026-05-07T18:26:45,2026-05-09T03:32:34.274248,P1,Config rollout for onedrive-sync-cache-us-083
TCK-0234,tuning_task,closed,CI-0023,2026-07-01T08:11:48,2026-07-04T20:56:41.928205,P3,Query optimisation review for teams-notification-queue-surface-023
TCK-0235,incident,closed,CI-0101,2026-06-26T17:28:16,2026-06-29T20:51:38.079998,P2,Disk space critical on azure-ad-connect-sync-modern-101
TCK-0236,incident,closed,CI-0196,2026-04-25T08:56:47,2026-04-28T06:22:48.840798,P3,Service outage - sharepoint-document-library-fast-196
TCK-0237,incident,in_progress,CI-0067,2026-08-02T17:03:47,,P4,Elevated error rate on exchange-online-connector-see-067
TCK-0238,change,closed,CI-0132,2026-06-28T16:41:23,2026-06-28T20:58:06.635953,P2,Scheduled patch window for sharepoint-site-toward-132
TCK-0239,incident,closed,CI-0002,2026-08-05T22:52:43,2026-08-09T14:09:04.246162,P3,Disk space critical on sharepoint-document-library-speech-002
TCK-0240,change,closed,CI-0184,2026-02-10T04:32:38,2026-02-13T05:06:00.560511,P1,Scheduled patch window for sharepoint-document-library-law-184
TCK-0241,incident,closed,CI-0069,2026-02-28T05:15:07,2026-03-03T18:05:29.153498,P2,Disk space critical on exchange-online-connector-course-069
TCK-0242,incident,closed,CI-0171,2026-04-13T08:41:14,2026-04-17T02:35:49.861838,P2,sharepoint-site-company-171 health check failing
TCK-0243,tuning_task,closed,CI-0004,2026-07-19T01:08:00,2026-07-22T21:38:58.157233,P2,Memory usage tuning for teams-notification-queue-form-004
TCK-0244,tuning_task,closed,CI-0070,2026-07-20T11:41:43,2026-07-23T00:20:00.036432,P2,Memory usage tuning for dataverse-instance-seven-070
TCK-0245,incident,open,CI-0164,2026-04-07T18:02:10,,P2,Connection timeouts to onedrive-sync-cache-board-164
TCK-0246,change,closed,CI-0147,2026-02-24T06:42:01,2026-02-24T21:56:20.387013,P4,Cert rotation for teams-notification-queue-sport-147
TCK-0247,incident,in_progress,CI-0187,2026-06-09T13:02:12,,P1,power-automate-gateway-stop-187 health check failing
TCK-0248,incident,closed,CI-0101,2026-04-22T23:16:23,2026-04-26T22:14:16.824387,P4,Elevated error rate on azure-ad-connect-sync-modern-101
TCK-0249,change,open,CI-0091,2026-06-18T08:50:29,,P3,Cert rotation for azure-ad-connect-sync-need-091
TCK-0250,incident,closed,CI-0118,2026-05-05T12:04:11,2026-05-07T22:59:09.622670,P1,Elevated error rate on power-automate-gateway-wear-118
TCK-0251,tuning_task,closed,CI-0176,2026-04-25T03:53:49,2026-04-26T21:52:53.930922,P4,Query optimisation review for power-automate-gateway-catch-176
TCK-0252,tuning_task,closed,CI-0087,2026-06-18T18:28:21,2026-06-20T02:55:08.922705,P1,Memory usage tuning for exchange-online-connector-policy-087
TCK-0253,tuning_task,closed,CI-0109,2026-04-29T05:47:01,2026-04-30T00:13:50.960183,P1,Memory usage tuning for sharepoint-site-course-109
TCK-0254,tuning_task,open,CI-0143,2026-02-25T08:04:26,,P2,Memory usage tuning for azure-ad-connect-sync-between-143
TCK-0255,change,closed,CI-0074,2026-06-19T01:02:51,2026-06-21T08:10:38.526940,P3,Cert rotation for dataverse-instance-test-074
TCK-0256,tuning_task,closed,CI-0007,2026-03-21T20:17:19,2026-03-23T16:34:05.361188,P2,Latency tuning investigation for sharepoint-site-his-007
TCK-0257,incident,closed,CI-0091,2026-02-16T05:40:23,2026-02-17T15:41:17.750809,P3,Elevated error rate on azure-ad-connect-sync-need-091
TCK-0258,tuning_task,closed,CI-0068,2026-06-25T13:09:29,2026-06-27T22:33:04.374007,P4,Memory usage tuning for dataverse-instance-tax-068
TCK-0259,incident,closed,CI-0060,2026-06-11T06:31:42,2026-06-11T22:58:27.549761,P3,power-automate-gateway-these-060 health check failing
TCK-0260,tuning_task,closed,CI-0040,2026-03-01T20:07:11,2026-03-02T06:34:58.537323,P1,Memory usage tuning for teams-notification-queue-stock-040
TCK-0261,change,closed,CI-0095,2026-05-11T13:56:26,2026-05-11T23:15:18.497534,P3,Cert rotation for power-platform-environment-expert-095
TCK-0262,change,open,CI-0112,2026-03-31T07:08:22,,P3,Cert rotation for exchange-online-connector-cost-112
TCK-0263,tuning_task,closed,CI-0057,2026-05-25T01:12:45,2026-05-26T18:02:38.199140,P4,Latency tuning investigation for power-automate-gateway-arrive-057
TCK-0264,change,closed,CI-0118,2026-07-25T08:08:57,2026-07-28T20:03:53.478347,P4,Cert rotation for power-automate-gateway-wear-118
TCK-0265,incident,open,CI-0060,2026-07-13T00:52:19,,P1,Disk space critical on power-automate-gateway-these-060
TCK-0266,change,closed,CI-0180,2026-04-26T03:11:00,2026-04-28T01:56:34.100044,P1,Scheduled patch window for sharepoint-site-see-180
TCK-0267,incident,open,CI-0073,2026-03-11T13:38:56,,P1,sharepoint-site-society-073 health check failing
TCK-0268,incident,closed,CI-0177,2026-03-09T07:03:39,2026-03-10T14:43:39.554890,P4,dataverse-instance-know-177 health check failing
TCK-0269,change,closed,CI-0114,2026-03-19T03:16:15,2026-03-22T01:23:48.803450,P3,Config rollout for dataverse-instance-stop-114
TCK-0270,tuning_task,closed,CI-0149,2026-06-07T11:01:37,2026-06-08T03:36:56.337603,P4,Query optimisation review for power-platform-environment-million-149
TCK-0271,incident,in_progress,CI-0094,2026-08-06T15:54:40,,P2,Disk space critical on sharepoint-document-library-upon-094
TCK-0272,change,closed,CI-0094,2026-03-29T05:46:06,2026-03-29T19:12:12.024600,P1,Scheduled patch window for sharepoint-document-library-upon-094
TCK-0273,tuning_task,open,CI-0027,2026-02-08T18:58:39,,P3,Query optimisation review for dataverse-instance-number-027
TCK-0274,tuning_task,closed,CI-0195,2026-06-19T07:38:42,2026-06-23T05:20:58.571719,P4,Latency tuning investigation for sharepoint-site-recognize-195
TCK-0275,tuning_task,in_progress,CI-0139,2026-05-01T17:11:34,,P1,Memory usage tuning for dataverse-instance-lawyer-139
TCK-0276,tuning_task,closed,CI-0003,2026-03-01T10:40:29,2026-03-05T06:39:31.791778,P1,Memory usage tuning for sharepoint-site-likely-003
TCK-0277,tuning_task,closed,CI-0121,2026-04-24T06:27:40,2026-04-26T01:31:08.522860,P3,Query optimisation review for onedrive-sync-cache-that-121
TCK-0278,incident,closed,CI-0081,2026-07-24T15:36:59,2026-07-26T11:56:57.657664,P4,Disk space critical on sharepoint-site-level-081
TCK-0279,incident,closed,CI-0157,2026-05-03T13:57:52,2026-05-06T08:39:49.039415,P4,Disk space critical on exchange-online-connector-begin-157
TCK-0280,tuning_task,closed,CI-0111,2026-06-14T09:19:46,2026-06-14T13:38:58.409080,P4,Latency tuning investigation for sharepoint-site-long-111
TCK-0281,tuning_task,closed,CI-0100,2026-05-10T03:05:06,2026-05-13T19:38:46.243256,P4,Memory usage tuning for onedrive-sync-cache-skill-100
TCK-0282,tuning_task,closed,CI-0035,2026-04-30T13:46:40,2026-05-03T01:31:10.762919,P1,Memory usage tuning for onedrive-sync-cache-door-035
TCK-0283,change,closed,CI-0143,2026-06-09T12:53:57,2026-06-11T04:16:38.408630,P4,Scheduled patch window for azure-ad-connect-sync-between-143
TCK-0284,change,closed,CI-0125,2026-02-20T07:42:07,2026-02-23T21:10:25.994583,P2,Cert rotation for teams-notification-queue-important-125
TCK-0285,tuning_task,closed,CI-0177,2026-02-17T16:41:00,2026-02-18T08:02:21.416630,P3,Memory usage tuning for dataverse-instance-know-177
TCK-0286,incident,closed,CI-0192,2026-06-18T17:23:14,2026-06-22T07:25:24.843150,P4,Service outage - exchange-online-connector-kid-192
TCK-0287,change,closed,CI-0194,2026-02-27T00:01:31,2026-03-01T05:07:19.142419,P3,Scheduled patch window for exchange-online-connector-worker-194
TCK-0288,incident,closed,CI-0167,2026-03-16T23:47:17,2026-03-17T04:59:45.396757,P1,Service outage - dataverse-instance-military-167
TCK-0289,change,in_progress,CI-0190,2026-04-26T09:23:15,,P2,Config rollout for teams-notification-queue-traditional-190
TCK-0290,change,in_progress,CI-0146,2026-05-19T18:31:24,,P2,Config rollout for teams-notification-queue-win-146
TCK-0291,tuning_task,closed,CI-0103,2026-02-21T19:17:55,2026-02-25T18:14:47.806537,P1,Latency tuning investigation for onedrive-sync-cache-knowledge-103
TCK-0292,change,closed,CI-0175,2026-06-18T08:19:16,2026-06-18T20:44:09.080885,P2,Scheduled patch window for sharepoint-document-library-draw-175
TCK-0293,tuning_task,open,CI-0141,2026-05-19T17:48:05,,P1,Memory usage tuning for sharepoint-site-pretty-141
TCK-0294,change,closed,CI-0085,2026-07-08T14:38:46,2026-07-10T20:32:21.660976,P3,Cert rotation for power-platform-environment-federal-085
TCK-0295,incident,in_progress,CI-0034,2026-05-28T02:06:30,,P3,Service outage - sharepoint-document-library-cut-034
TCK-0296,change,closed,CI-0136,2026-04-08T05:27:08,2026-04-11T05:52:01.300536,P3,Config rollout for power-automate-gateway-a-136
TCK-0297,incident,closed,CI-0196,2026-02-12T08:52:36,2026-02-13T15:00:55.669206,P2,Disk space critical on sharepoint-document-library-fast-196
TCK-0298,tuning_task,closed,CI-0070,2026-05-15T05:21:09,2026-05-16T01:03:41.771829,P1,Memory usage tuning for dataverse-instance-seven-070
TCK-0299,change,closed,CI-0023,2026-05-18T21:00:21,2026-05-20T09:21:33.532493,P4,Config rollout for teams-notification-queue-surface-023
TCK-0300,tuning_task,closed,CI-0162,2026-05-28T21:33:11,2026-05-31T21:17:12.712003,P4,Query optimisation review for sharepoint-site-focus-162
TCK-0301,incident,closed,CI-0106,2026-05-18T03:47:41,2026-05-18T10:24:31.000769,P4,Service outage - sharepoint-site-kitchen-106
TCK-0302,incident,closed,CI-0163,2026-03-14T02:58:07,2026-03-14T06:30:21.240967,P2,Elevated error rate on teams-notification-queue-fact-163
TCK-0303,change,closed,CI-0065,2026-05-03T12:24:56,2026-05-07T12:15:15.213343,P2,Config rollout for power-automate-gateway-stop-065
TCK-0304,tuning_task,closed,CI-0048,2026-05-08T11:15:00,2026-05-11T17:06:16.368955,P1,Memory usage tuning for sharepoint-document-library-song-048
TCK-0305,incident,closed,CI-0007,2026-06-05T02:18:55,2026-06-08T00:26:26.104143,P2,Service outage - sharepoint-site-his-007
TCK-0306,incident,closed,CI-0133,2026-03-26T09:52:54,2026-03-28T14:32:53.695255,P4,Disk space critical on power-automate-gateway-increase-133
TCK-0307,incident,closed,CI-0107,2026-05-09T02:08:31,2026-05-12T03:59:06.832783,P3,Disk space critical on power-platform-environment-poor-107
TCK-0308,tuning_task,closed,CI-0004,2026-04-27T23:05:33,2026-04-29T11:49:49.987493,P1,Memory usage tuning for teams-notification-queue-form-004
TCK-0309,tuning_task,closed,CI-0138,2026-06-26T05:16:49,2026-06-29T08:29:47.298207,P2,Latency tuning investigation for power-platform-environment-identify-138
TCK-0310,change,in_progress,CI-0163,2026-04-30T20:46:14,,P3,Scheduled patch window for teams-notification-queue-fact-163
TCK-0311,incident,open,CI-0156,2026-02-25T05:23:22,,P2,Elevated error rate on sharepoint-site-close-156
TCK-0312,incident,closed,CI-0092,2026-03-11T05:47:42,2026-03-12T17:01:49.328461,P1,Disk space critical on onedrive-sync-cache-look-092
TCK-0313,change,open,CI-0084,2026-03-14T09:48:44,,P3,Config rollout for power-automate-gateway-design-084
TCK-0314,change,closed,CI-0189,2026-02-25T17:57:05,2026-02-26T09:33:52.598104,P2,Scheduled patch window for teams-notification-queue-painting-189
TCK-0315,tuning_task,closed,CI-0133,2026-07-30T16:52:07,2026-08-02T15:24:46.123193,P3,Memory usage tuning for power-automate-gateway-increase-133
TCK-0316,tuning_task,closed,CI-0140,2026-03-14T11:57:47,2026-03-16T02:26:06.179379,P2,Memory usage tuning for sharepoint-document-library-make-140
TCK-0317,tuning_task,closed,CI-0047,2026-03-03T02:31:36,2026-03-05T00:07:26.212697,P1,Query optimisation review for sharepoint-document-library-item-047
TCK-0318,change,closed,CI-0046,2026-04-16T13:31:56,2026-04-17T16:58:40.208476,P2,Cert rotation for teams-notification-queue-test-046
TCK-0319,tuning_task,closed,CI-0109,2026-03-17T04:50:10,2026-03-21T02:05:39.232601,P2,Latency tuning investigation for sharepoint-site-course-109
TCK-0320,incident,closed,CI-0076,2026-04-10T14:08:25,2026-04-13T13:34:23.293447,P4,Disk space critical on dataverse-instance-discussion-076
TCK-0321,change,closed,CI-0074,2026-04-19T01:03:55,2026-04-21T15:48:49.395270,P2,Scheduled patch window for dataverse-instance-test-074
TCK-0322,incident,in_progress,CI-0097,2026-05-03T05:26:35,,P4,Disk space critical on teams-notification-queue-opportunity-097
TCK-0323,incident,closed,CI-0062,2026-06-21T10:17:33,2026-06-22T08:15:18.388586,P3,Service outage - sharepoint-site-experience-062
TCK-0324,incident,closed,CI-0172,2026-04-09T01:25:11,2026-04-11T11:33:08.698414,P1,Elevated error rate on teams-notification-queue-face-172
TCK-0325,incident,closed,CI-0183,2026-05-07T23:11:23,2026-05-09T09:10:27.040048,P2,Service outage - power-automate-gateway-responsibility-183
TCK-0326,incident,closed,CI-0120,2026-04-03T09:50:01,2026-04-06T21:11:34.227763,P3,Service outage - dataverse-instance-black-120
TCK-0327,tuning_task,closed,CI-0179,2026-08-06T01:10:56,2026-08-08T16:44:53.220553,P4,Latency tuning investigation for azure-ad-connect-sync-page-179
TCK-0328,incident,closed,CI-0141,2026-03-23T04:54:29,2026-03-24T22:10:26.988304,P1,sharepoint-site-pretty-141 health check failing
TCK-0329,incident,closed,CI-0186,2026-02-28T18:40:05,2026-03-03T04:05:33.770439,P2,Service outage - azure-ad-connect-sync-gun-186
TCK-0330,change,in_progress,CI-0116,2026-02-09T10:54:38,,P3,Cert rotation for exchange-online-connector-long-116
TCK-0331,incident,closed,CI-0141,2026-07-12T09:03:07,2026-07-14T05:06:22.912586,P3,Service outage - sharepoint-site-pretty-141
TCK-0332,incident,closed,CI-0077,2026-07-27T04:52:22,2026-07-27T17:51:03.944222,P3,Service outage - power-platform-environment-natural-077
TCK-0333,incident,closed,CI-0167,2026-05-10T02:22:01,2026-05-11T11:11:20.603604,P3,Disk space critical on dataverse-instance-military-167
TCK-0334,change,closed,CI-0133,2026-04-20T23:29:15,2026-04-23T16:32:10.617727,P4,Scheduled patch window for power-automate-gateway-increase-133
TCK-0335,tuning_task,closed,CI-0068,2026-05-15T01:25:47,2026-05-15T11:04:38.454539,P3,Memory usage tuning for dataverse-instance-tax-068
TCK-0336,change,closed,CI-0084,2026-02-20T20:23:35,2026-02-21T09:55:16.494425,P1,Scheduled patch window for power-automate-gateway-design-084
TCK-0337,tuning_task,closed,CI-0049,2026-05-02T09:27:28,2026-05-05T21:09:54.380538,P2,Latency tuning investigation for sharepoint-site-than-049
TCK-0338,change,closed,CI-0175,2026-04-03T21:11:52,2026-04-05T01:55:18.737604,P2,Scheduled patch window for sharepoint-document-library-draw-175
TCK-0339,incident,in_progress,CI-0147,2026-03-01T22:51:12,,P2,Elevated error rate on teams-notification-queue-sport-147
TCK-0340,change,closed,CI-0057,2026-04-09T12:42:38,2026-04-11T22:30:39.102932,P2,Config rollout for power-automate-gateway-arrive-057
TCK-0341,incident,closed,CI-0010,2026-07-04T10:10:50,2026-07-07T16:08:06.213904,P1,Service outage - power-automate-gateway-art-010
TCK-0342,change,closed,CI-0104,2026-06-18T09:20:22,2026-06-19T07:07:41.757311,P4,Config rollout for power-platform-environment-direction-104
TCK-0343,change,closed,CI-0142,2026-03-12T22:21:49,2026-03-15T11:42:30.974636,P2,Cert rotation for power-platform-environment-any-142
TCK-0344,tuning_task,closed,CI-0183,2026-04-12T20:09:34,2026-04-15T22:51:23.662644,P3,Latency tuning investigation for power-automate-gateway-responsibility-183
TCK-0345,change,closed,CI-0072,2026-04-03T05:40:38,2026-04-03T09:35:47.519388,P2,Cert rotation for sharepoint-document-library-claim-072
TCK-0346,change,closed,CI-0075,2026-06-10T15:59:39,2026-06-10T23:18:10.378543,P3,Cert rotation for sharepoint-document-library-let-075
TCK-0347,incident,closed,CI-0148,2026-03-13T10:19:18,2026-03-13T19:37:19.549698,P3,power-platform-environment-fish-148 health check failing
TCK-0348,tuning_task,closed,CI-0066,2026-06-05T22:18:40,2026-06-08T11:49:55.765627,P1,Query optimisation review for azure-ad-connect-sync-sea-066
TCK-0349,tuning_task,closed,CI-0065,2026-06-08T00:36:00,2026-06-09T15:59:05.841659,P4,Latency tuning investigation for power-automate-gateway-stop-065
TCK-0350,change,in_progress,CI-0111,2026-05-23T07:44:55,,P2,Scheduled patch window for sharepoint-site-long-111
TCK-0351,incident,closed,CI-0038,2026-03-24T18:13:52,2026-03-27T13:18:31.322533,P3,Service outage - dataverse-instance-authority-038
TCK-0352,incident,closed,CI-0152,2026-05-20T09:21:55,2026-05-22T09:43:03.854909,P4,sharepoint-site-loss-152 health check failing
TCK-0353,incident,closed,CI-0077,2026-03-06T08:36:13,2026-03-08T10:06:33.164822,P3,Service outage - power-platform-environment-natural-077
TCK-0354,tuning_task,closed,CI-0076,2026-04-04T03:32:48,2026-04-05T21:52:48.939095,P1,Latency tuning investigation for dataverse-instance-discussion-076
TCK-0355,change,closed,CI-0053,2026-05-01T14:57:33,2026-05-05T09:57:50.381314,P3,Config rollout for dataverse-instance-hope-053
TCK-0356,tuning_task,closed,CI-0116,2026-03-21T07:00:59,2026-03-21T10:27:53.684760,P2,Memory usage tuning for exchange-online-connector-long-116
TCK-0357,change,closed,CI-0174,2026-05-22T04:36:37,2026-05-25T12:59:12.516742,P2,Config rollout for sharepoint-document-library-positive-174
TCK-0358,change,closed,CI-0156,2026-02-09T15:24:12,2026-02-09T22:25:32.151871,P4,Cert rotation for sharepoint-site-close-156
TCK-0359,tuning_task,open,CI-0059,2026-05-30T23:10:47,,P1,Query optimisation review for exchange-online-connector-major-059
TCK-0360,incident,in_progress,CI-0019,2026-03-06T17:24:48,,P2,Connection timeouts to onedrive-sync-cache-article-019
TCK-0361,incident,closed,CI-0174,2026-06-26T17:44:38,2026-06-28T14:12:17.365951,P3,Service outage - sharepoint-document-library-positive-174
TCK-0362,change,closed,CI-0128,2026-03-23T03:40:58,2026-03-26T13:58:37.559591,P4,Scheduled patch window for onedrive-sync-cache-development-128
TCK-0363,incident,open,CI-0043,2026-03-16T11:44:27,,P2,Disk space critical on azure-ad-connect-sync-beat-043
TCK-0364,incident,in_progress,CI-0050,2026-03-10T11:48:09,,P3,power-platform-environment-follow-050 health check failing
TCK-0365,incident,closed,CI-0085,2026-05-10T18:41:55,2026-05-12T01:59:50.257180,P1,Elevated error rate on power-platform-environment-federal-085
TCK-0366,change,closed,CI-0023,2026-05-28T21:40:05,2026-05-29T23:15:08.789126,P1,Config rollout for teams-notification-queue-surface-023
TCK-0367,incident,closed,CI-0016,2026-06-21T01:05:03,2026-06-24T02:49:05.708063,P3,azure-ad-connect-sync-trial-016 health check failing
TCK-0368,change,closed,CI-0155,2026-07-31T02:13:37,2026-08-03T01:58:15.851297,P4,Scheduled patch window for power-automate-gateway-key-155
TCK-0369,incident,closed,CI-0170,2026-05-03T09:19:16,2026-05-05T13:04:14.046548,P2,teams-notification-queue-social-170 health check failing
TCK-0370,incident,closed,CI-0195,2026-05-16T18:24:20,2026-05-19T09:22:08.606457,P2,Disk space critical on sharepoint-site-recognize-195
TCK-0371,incident,closed,CI-0178,2026-03-26T05:03:40,2026-03-26T16:05:43.311838,P3,Disk space critical on sharepoint-document-library-news-178
TCK-0372,change,closed,CI-0170,2026-05-26T08:06:24,2026-05-28T04:47:03.963287,P2,Scheduled patch window for teams-notification-queue-social-170
TCK-0373,tuning_task,closed,CI-0039,2026-04-16T10:25:43,2026-04-17T07:02:40.819281,P4,Latency tuning investigation for sharepoint-document-library-room-039
TCK-0374,tuning_task,closed,CI-0014,2026-02-18T18:00:55,2026-02-21T23:03:11.438386,P4,Latency tuning investigation for sharepoint-document-library-choice-014
TCK-0375,change,closed,CI-0075,2026-07-11T14:20:37,2026-07-13T11:24:12.229778,P2,Config rollout for sharepoint-document-library-let-075
TCK-0376,incident,closed,CI-0137,2026-04-18T23:24:33,2026-04-19T20:53:28.531153,P2,sharepoint-site-knowledge-137 health check failing
TCK-0377,incident,closed,CI-0174,2026-03-25T04:52:34,2026-03-29T04:26:06.465754,P1,Connection timeouts to sharepoint-document-library-positive-174
TCK-0378,change,closed,CI-0101,2026-04-16T23:58:24,2026-04-17T06:21:17.747471,P2,Scheduled patch window for azure-ad-connect-sync-modern-101
TCK-0379,incident,closed,CI-0143,2026-05-31T02:16:13,2026-06-02T00:53:58.023864,P1,Elevated error rate on azure-ad-connect-sync-between-143
TCK-0380,tuning_task,closed,CI-0037,2026-04-09T18:10:43,2026-04-11T03:11:42.735939,P4,Latency tuning investigation for onedrive-sync-cache-room-037
TCK-0381,change,closed,CI-0024,2026-07-25T22:19:51,2026-07-27T07:09:44.828998,P4,Config rollout for power-platform-environment-adult-024
TCK-0382,change,closed,CI-0110,2026-05-21T05:00:44,2026-05-23T19:57:00.700366,P1,Config rollout for sharepoint-site-wait-110
TCK-0383,incident,closed,CI-0198,2026-08-06T02:56:22,2026-08-08T21:26:16.112852,P4,sharepoint-site-score-198 health check failing
TCK-0384,change,closed,CI-0031,2026-02-18T02:37:31,2026-02-18T21:15:15.615125,P2,Scheduled patch window for teams-notification-queue-capital-031
TCK-0385,incident,closed,CI-0173,2026-05-01T00:09:28,2026-05-02T11:28:03.311750,P2,Connection timeouts to power-platform-environment-concern-173
TCK-0386,change,closed,CI-0199,2026-05-17T20:46:20,2026-05-20T16:50:46.154264,P2,Scheduled patch window for teams-notification-queue-stock-199
TCK-0387,tuning_task,closed,CI-0045,2026-05-23T18:11:48,2026-05-24T07:43:33.488184,P4,Query optimisation review for azure-ad-connect-sync-early-045
TCK-0388,change,in_progress,CI-0050,2026-03-11T11:00:06,,P3,Config rollout for power-platform-environment-follow-050
TCK-0389,change,closed,CI-0080,2026-07-06T09:55:56,2026-07-08T16:52:42.797960,P4,Scheduled patch window for power-automate-gateway-should-080
TCK-0390,incident,closed,CI-0160,2026-06-17T09:15:43,2026-06-18T19:23:07.957475,P1,Service outage - power-platform-environment-form-160
TCK-0391,tuning_task,closed,CI-0127,2026-08-06T05:35:46,2026-08-06T06:19:40.041020,P2,Latency tuning investigation for exchange-online-connector-wind-127
TCK-0392,incident,closed,CI-0145,2026-02-15T14:42:50,2026-02-16T19:09:10.451251,P4,sharepoint-site-audience-145 health check failing
TCK-0393,tuning_task,closed,CI-0196,2026-04-04T07:54:11,2026-04-06T11:53:39.449099,P2,Latency tuning investigation for sharepoint-document-library-fast-196
TCK-0394,tuning_task,closed,CI-0182,2026-06-03T22:15:39,2026-06-06T00:12:56.966693,P4,Memory usage tuning for sharepoint-site-management-182
TCK-0395,tuning_task,closed,CI-0077,2026-02-08T20:25:36,2026-02-12T18:45:38.030452,P1,Query optimisation review for power-platform-environment-natural-077
TCK-0396,tuning_task,closed,CI-0159,2026-04-12T15:31:15,2026-04-13T20:07:30.033043,P1,Latency tuning investigation for power-automate-gateway-guy-159
TCK-0397,change,closed,CI-0105,2026-06-25T07:24:57,2026-06-25T14:38:04.944342,P3,Cert rotation for onedrive-sync-cache-sort-105
TCK-0398,incident,closed,CI-0059,2026-03-24T23:13:11,2026-03-24T23:45:32.413082,P1,exchange-online-connector-major-059 health check failing
TCK-0399,change,closed,CI-0109,2026-07-11T07:16:51,2026-07-13T00:25:31.522024,P4,Config rollout for sharepoint-site-course-109
TCK-0400,tuning_task,in_progress,CI-0140,2026-04-10T12:30:38,,P4,Latency tuning investigation for sharepoint-document-library-make-140
TCK-0401,tuning_task,closed,CI-0075,2026-04-28T22:46:03,2026-04-30T13:39:45.473298,P4,Query optimisation review for sharepoint-document-library-let-075
TCK-0402,tuning_task,closed,CI-0186,2026-03-22T07:01:43,2026-03-23T06:52:13.907942,P1,Memory usage tuning for azure-ad-connect-sync-gun-186
TCK-0403,incident,closed,CI-0173,2026-07-23T03:47:38,2026-07-23T22:30:58.061573,P2,Disk space critical on power-platform-environment-concern-173
TCK-0404,change,closed,CI-0121,2026-05-19T22:09:57,2026-05-23T15:21:28.750985,P1,Scheduled patch window for onedrive-sync-cache-that-121
TCK-0405,incident,closed,CI-0099,2026-08-03T16:19:41,2026-08-04T17:54:50.643960,P1,Elevated error rate on dataverse-instance-election-099
TCK-0406,change,closed,CI-0055,2026-04-27T22:29:18,2026-04-29T22:24:58.506337,P1,Scheduled patch window for teams-notification-queue-character-055
TCK-0407,incident,closed,CI-0198,2026-03-14T02:59:42,2026-03-16T06:00:29.358632,P2,Connection timeouts to sharepoint-site-score-198
TCK-0408,incident,closed,CI-0098,2026-06-20T15:24:11,2026-06-23T10:46:27.438769,P4,Disk space critical on exchange-online-connector-sell-098
TCK-0409,incident,open,CI-0183,2026-05-26T01:12:46,,P3,Connection timeouts to power-automate-gateway-responsibility-183
TCK-0410,incident,closed,CI-0080,2026-06-17T11:42:54,2026-06-19T21:14:43.279382,P2,Connection timeouts to power-automate-gateway-should-080
TCK-0411,incident,closed,CI-0163,2026-05-20T19:02:40,2026-05-22T17:15:10.782667,P3,Connection timeouts to teams-notification-queue-fact-163
TCK-0412,tuning_task,closed,CI-0101,2026-06-14T02:48:42,2026-06-17T18:05:45.537002,P1,Query optimisation review for azure-ad-connect-sync-modern-101
TCK-0413,incident,closed,CI-0105,2026-04-17T22:53:09,2026-04-20T03:02:48.139369,P3,Disk space critical on onedrive-sync-cache-sort-105
TCK-0414,tuning_task,closed,CI-0060,2026-04-25T08:16:36,2026-04-26T04:34:48.122305,P1,Query optimisation review for power-automate-gateway-these-060
TCK-0415,tuning_task,in_progress,CI-0122,2026-06-16T11:24:41,,P2,Memory usage tuning for azure-ad-connect-sync-fire-122
TCK-0416,tuning_task,closed,CI-0015,2026-06-24T04:22:05,2026-06-26T19:19:50.492514,P4,Query optimisation review for exchange-online-connector-while-015
TCK-0417,incident,closed,CI-0136,2026-03-23T18:10:53,2026-03-26T11:08:37.891029,P4,Elevated error rate on power-automate-gateway-a-136
TCK-0418,change,closed,CI-0106,2026-05-24T22:58:46,2026-05-27T10:51:43.614589,P1,Cert rotation for sharepoint-site-kitchen-106
TCK-0419,change,closed,CI-0121,2026-07-01T18:39:09,2026-07-04T02:59:28.835017,P4,Config rollout for onedrive-sync-cache-that-121
TCK-0420,incident,closed,CI-0092,2026-06-16T20:53:30,2026-06-19T03:32:25.095014,P1,Service outage - onedrive-sync-cache-look-092
TCK-0421,tuning_task,closed,CI-0181,2026-04-03T21:40:08,2026-04-05T13:30:53.100769,P2,Memory usage tuning for power-platform-environment-create-181
TCK-0422,tuning_task,closed,CI-0171,2026-04-26T11:48:35,2026-04-26T17:33:33.856666,P2,Memory usage tuning for sharepoint-site-company-171
TCK-0423,change,closed,CI-0009,2026-05-11T10:24:07,2026-05-13T22:30:17.137159,P2,Scheduled patch window for dataverse-instance-police-009
TCK-0424,incident,open,CI-0012,2026-07-23T18:59:28,,P1,Service outage - sharepoint-document-library-religious-012
TCK-0425,change,in_progress,CI-0187,2026-02-21T08:07:24,,P2,Scheduled patch window for power-automate-gateway-stop-187
TCK-0426,change,closed,CI-0073,2026-07-16T02:32:37,2026-07-19T10:21:26.071051,P2,Config rollout for sharepoint-site-society-073
TCK-0427,incident,closed,CI-0042,2026-04-20T18:29:03,2026-04-21T16:06:11.378066,P2,Connection timeouts to exchange-online-connector-their-042
TCK-0428,change,closed,CI-0120,2026-06-19T19:55:28,2026-06-22T11:18:37.596873,P4,Cert rotation for dataverse-instance-black-120
TCK-0429,tuning_task,closed,CI-0151,2026-03-17T04:45:57,2026-03-19T14:29:42.627735,P4,Memory usage tuning for azure-ad-connect-sync-Congress-151
TCK-0430,tuning_task,closed,CI-0186,2026-02-22T07:09:03,2026-02-24T00:57:30.332043,P4,Memory usage tuning for azure-ad-connect-sync-gun-186
TCK-0431,change,closed,CI-0058,2026-04-21T07:41:16,2026-04-23T11:38:00.629154,P1,Config rollout for power-automate-gateway-second-058
TCK-0432,change,closed,CI-0192,2026-02-27T11:20:06,2026-02-27T17:19:31.345551,P3,Cert rotation for exchange-online-connector-kid-192
TCK-0433,change,closed,CI-0117,2026-05-03T01:05:06,2026-05-06T09:30:41.463215,P4,Scheduled patch window for sharepoint-document-library-see-117
TCK-0434,incident,closed,CI-0189,2026-04-27T12:08:23,2026-05-01T04:34:49.104192,P1,Elevated error rate on teams-notification-queue-painting-189
TCK-0435,change,closed,CI-0096,2026-05-25T18:38:33,2026-05-25T23:17:43.261919,P1,Scheduled patch window for dataverse-instance-official-096
TCK-0436,tuning_task,in_progress,CI-0032,2026-06-07T21:20:47,,P1,Query optimisation review for dataverse-instance-direction-032
TCK-0437,incident,closed,CI-0125,2026-03-08T09:48:11,2026-03-10T16:40:16.620426,P4,Elevated error rate on teams-notification-queue-important-125
TCK-0438,tuning_task,in_progress,CI-0063,2026-02-27T16:22:19,,P3,Memory usage tuning for sharepoint-site-medical-063
TCK-0439,incident,closed,CI-0069,2026-06-06T11:38:09,2026-06-08T14:34:16.279404,P1,exchange-online-connector-course-069 health check failing
TCK-0440,incident,closed,CI-0170,2026-04-05T12:50:32,2026-04-07T14:50:56.765401,P2,Service outage - teams-notification-queue-social-170
TCK-0441,change,closed,CI-0168,2026-03-15T19:34:05,2026-03-16T08:00:15.458542,P3,Config rollout for power-automate-gateway-large-168
TCK-0442,change,closed,CI-0159,2026-06-21T12:12:40,2026-06-22T09:09:47.592041,P2,Cert rotation for power-automate-gateway-guy-159
TCK-0443,change,closed,CI-0028,2026-04-23T16:36:04,2026-04-25T01:39:53.594074,P4,Config rollout for power-platform-environment-commercial-028
TCK-0444,tuning_task,closed,CI-0053,2026-06-22T15:19:13,2026-06-26T09:10:12.014500,P1,Latency tuning investigation for dataverse-instance-hope-053
TCK-0445,incident,in_progress,CI-0030,2026-04-27T11:34:40,,P1,Disk space critical on exchange-online-connector-guess-030
TCK-0446,tuning_task,closed,CI-0078,2026-03-10T14:58:30,2026-03-12T22:16:35.094109,P4,Query optimisation review for azure-ad-connect-sync-treatment-078
TCK-0447,incident,closed,CI-0006,2026-02-28T17:56:31,2026-03-02T15:29:42.265026,P4,Service outage - exchange-online-connector-figure-006
TCK-0448,incident,closed,CI-0119,2026-02-17T16:59:21,2026-02-21T08:16:13.323654,P4,Connection timeouts to exchange-online-connector-whose-119
TCK-0449,incident,closed,CI-0184,2026-03-23T13:18:25,2026-03-24T12:29:27.418020,P3,Disk space critical on sharepoint-document-library-law-184
TCK-0450,incident,closed,CI-0023,2026-04-30T22:25:52,2026-05-03T21:31:43.368351,P2,Elevated error rate on teams-notification-queue-surface-023
TCK-0451,tuning_task,closed,CI-0155,2026-05-02T17:59:22,2026-05-03T22:37:07.660266,P3,Query optimisation review for power-automate-gateway-key-155
TCK-0452,incident,closed,CI-0134,2026-05-28T15:24:47,2026-06-01T08:06:17.981552,P4,onedrive-sync-cache-choice-134 health check failing
TCK-0453,change,closed,CI-0062,2026-04-17T11:13:44,2026-04-18T16:42:53.550593,P2,Scheduled patch window for sharepoint-site-experience-062
TCK-0454,incident,closed,CI-0036,2026-04-28T11:37:31,2026-04-30T07:22:03.888148,P2,Service outage - azure-ad-connect-sync-grow-036
TCK-0455,tuning_task,closed,CI-0127,2026-02-28T14:34:10,2026-03-04T12:27:11.915596,P3,Memory usage tuning for exchange-online-connector-wind-127
TCK-0456,tuning_task,open,CI-0167,2026-07-10T18:46:06,,P3,Memory usage tuning for dataverse-instance-military-167
TCK-0457,change,closed,CI-0168,2026-02-17T13:47:16,2026-02-19T01:32:03.230552,P4,Scheduled patch window for power-automate-gateway-large-168
TCK-0458,incident,closed,CI-0116,2026-05-17T14:53:26,2026-05-17T19:35:09.661074,P1,exchange-online-connector-long-116 health check failing
TCK-0459,tuning_task,open,CI-0088,2026-02-22T23:17:50,,P4,Query optimisation review for dataverse-instance-because-088
TCK-0460,tuning_task,closed,CI-0050,2026-06-21T01:30:34,2026-06-21T05:30:31.195249,P3,Query optimisation review for power-platform-environment-follow-050
TCK-0461,incident,closed,CI-0078,2026-03-23T05:49:28,2026-03-24T15:54:47.619866,P2,Connection timeouts to azure-ad-connect-sync-treatment-078
TCK-0462,tuning_task,closed,CI-0086,2026-04-09T23:57:41,2026-04-11T21:18:38.646466,P4,Latency tuning investigation for power-platform-environment-oil-086
TCK-0463,incident,closed,CI-0037,2026-05-04T09:51:30,2026-05-06T11:55:37.607900,P1,onedrive-sync-cache-room-037 health check failing
TCK-0464,incident,closed,CI-0047,2026-06-01T11:28:39,2026-06-02T14:27:14.112750,P1,Service outage - sharepoint-document-library-item-047
TCK-0465,change,closed,CI-0195,2026-02-11T00:31:06,2026-02-11T17:12:05.526622,P3,Config rollout for sharepoint-site-recognize-195
TCK-0466,tuning_task,closed,CI-0022,2026-05-27T04:26:05,2026-05-29T16:21:23.468901,P1,Memory usage tuning for power-platform-environment-off-022
TCK-0467,change,closed,CI-0033,2026-03-09T12:16:13,2026-03-10T19:03:35.769334,P4,Cert rotation for azure-ad-connect-sync-start-033
TCK-0468,tuning_task,open,CI-0155,2026-04-06T04:49:49,,P1,Latency tuning investigation for power-automate-gateway-key-155
TCK-0469,change,closed,CI-0161,2026-02-22T18:56:46,2026-02-25T17:48:30.226761,P1,Config rollout for power-platform-environment-law-161
TCK-0470,tuning_task,closed,CI-0120,2026-07-02T16:27:25,2026-07-03T05:10:22.730861,P2,Query optimisation review for dataverse-instance-black-120
TCK-0471,incident,closed,CI-0008,2026-02-10T03:14:08,2026-02-13T09:11:47.901630,P4,Connection timeouts to power-platform-environment-wait-008
TCK-0472,change,closed,CI-0180,2026-07-27T06:32:21,2026-07-31T04:45:56.886554,P2,Cert rotation for sharepoint-site-see-180
TCK-0473,incident,closed,CI-0177,2026-07-01T13:17:00,2026-07-02T06:26:17.412805,P4,Service outage - dataverse-instance-know-177
TCK-0474,change,in_progress,CI-0135,2026-05-22T05:52:59,,P4,Config rollout for sharepoint-document-library-popular-135
TCK-0475,change,closed,CI-0020,2026-04-13T15:01:16,2026-04-14T16:48:16.185438,P2,Config rollout for dataverse-instance-large-020
TCK-0476,tuning_task,closed,CI-0081,2026-05-26T18:31:33,2026-05-27T19:36:47.493563,P2,Memory usage tuning for sharepoint-site-level-081
TCK-0477,change,closed,CI-0169,2026-03-18T08:55:57,2026-03-19T04:27:23.950671,P2,Config rollout for dataverse-instance-boy-169
TCK-0478,incident,closed,CI-0155,2026-06-08T20:25:52,2026-06-11T02:55:52.545462,P3,Connection timeouts to power-automate-gateway-key-155
TCK-0479,incident,closed,CI-0100,2026-07-02T03:18:31,2026-07-03T09:31:03.275622,P1,Disk space critical on onedrive-sync-cache-skill-100
TCK-0480,incident,closed,CI-0070,2026-04-07T11:21:30,2026-04-08T04:58:57.251414,P3,Connection timeouts to dataverse-instance-seven-070
TCK-0481,change,closed,CI-0048,2026-03-04T09:53:23,2026-03-05T00:21:34.691747,P4,Cert rotation for sharepoint-document-library-song-048
TCK-0482,change,closed,CI-0199,2026-06-04T01:36:01,2026-06-05T10:48:36.658937,P3,Config rollout for teams-notification-queue-stock-199
TCK-0483,tuning_task,closed,CI-0168,2026-05-24T17:43:37,2026-05-28T07:01:23.579719,P4,Query optimisation review for power-automate-gateway-large-168
TCK-0484,change,in_progress,CI-0132,2026-05-01T17:08:48,,P2,Scheduled patch window for sharepoint-site-toward-132
TCK-0485,incident,in_progress,CI-0082,2026-08-05T08:25:52,,P4,Connection timeouts to power-automate-gateway-down-082
TCK-0486,change,closed,CI-0200,2026-04-06T05:51:24,2026-04-07T15:56:37.433294,P2,Scheduled patch window for power-platform-environment-involve-200
TCK-0487,tuning_task,closed,CI-0022,2026-03-04T01:19:29,2026-03-07T01:56:53.894522,P4,Latency tuning investigation for power-platform-environment-off-022
TCK-0488,tuning_task,closed,CI-0091,2026-04-09T05:28:39,2026-04-09T16:02:38.088038,P3,Latency tuning investigation for azure-ad-connect-sync-need-091
TCK-0489,tuning_task,closed,CI-0171,2026-03-11T13:28:17,2026-03-11T17:35:50.098385,P2,Query optimisation review for sharepoint-site-company-171
TCK-0490,tuning_task,closed,CI-0030,2026-03-01T18:12:04,2026-03-03T22:39:13.839239,P4,Latency tuning investigation for exchange-online-connector-guess-030
TCK-0491,tuning_task,closed,CI-0011,2026-02-22T15:05:43,2026-02-24T11:24:03.498549,P2,Query optimisation review for dataverse-instance-drug-011
TCK-0492,change,closed,CI-0184,2026-07-15T11:33:16,2026-07-15T20:07:13.721146,P2,Cert rotation for sharepoint-document-library-law-184
TCK-0493,incident,closed,CI-0039,2026-06-05T00:27:53,2026-06-08T20:01:37.341716,P1,Service outage - sharepoint-document-library-room-039
TCK-0494,tuning_task,closed,CI-0006,2026-06-10T11:07:55,2026-06-13T10:47:52.701842,P4,Query optimisation review for exchange-online-connector-figure-006
TCK-0495,tuning_task,closed,CI-0097,2026-05-08T01:24:17,2026-05-11T03:55:41.936969,P3,Memory usage tuning for teams-notification-queue-opportunity-097
TCK-0496,tuning_task,closed,CI-0182,2026-04-02T05:09:26,2026-04-04T06:19:11.098706,P3,Latency tuning investigation for sharepoint-site-management-182
TCK-0497,tuning_task,closed,CI-0012,2026-07-11T17:42:10,2026-07-11T20:18:47.669117,P2,Latency tuning investigation for sharepoint-document-library-religious-012
TCK-0498,incident,closed,CI-0035,2026-03-29T04:35:26,2026-03-30T15:57:30.638201,P4,onedrive-sync-cache-door-035 health check failing
TCK-0499,tuning_task,closed,CI-0180,2026-02-17T14:53:50,2026-02-21T06:02:45.207143,P2,Latency tuning investigation for sharepoint-site-see-180
TCK-0500,tuning_task,open,CI-0155,2026-05-19T14:30:20,,P1,Memory usage tuning for power-automate-gateway-key-155
